School_id,Student_id,Student_number,State_id,Last_name,Middle_name,First_name,Gender,Dob,Grade,Race,Hispanic_Latino,Ell_status,Frl_status,Iep_status,Student_zip,Student_email,Contact_name,Contact_type,Contact_phone,Contact_email,Username,Password
02M800,738733111,738733111,114327753,Ruble,,Barny,male,11/01/1998,,A,Y,Y,N,N,11433,diane.s@example.org,Wanell Schmeler,Uncle,(336)533-1632 x218,wanell_schmeler@example.net,barny,eel7Thohd
02M800,101565758,101565758,498006597,Wisoky,S,Douglas,male,06/18/1998,9,W,N,Y,N,N,11004,w_douglas@example.net,Conner Wisoky,Great Uncle,(163)975-9591 x77141,conner_wisoky@example.net,douglasw58,ahFii2nae
02M800,106078142,106078142,635493722,Lakin,S,Joe,male,07/04/1997,10,B,N,Y,F,N,10473,l.joe@example.net,Aminur Lakin,Stepfather,1-857-290-7906 x39366,lakin.aminur@example.com,joel42,CaaDie0eboo
02M800,913113920,913113920,975729843,Greenholt,T,Martha,female,04/02/1998,9,A,N,N,F,Y,11694,g_martha@example.org,Austin Greenholt,Brother,839.543.4396 x372,greenholt_austin@example.org,marthag20,iiban1oB6
02M801,738733112,738733112,114327754,Ruble,,Barny,male,11/01/1998,,A,Y,Y,N,N,11433,diane.s@example.org,Wanell Schmeler,Uncle,(336)533-1632 x218,wanell_schmeler@example.net,2barny,eel7Thohd
02M801,101565759,101565759,498006598,Wisoky,S,Douglas,male,06/18/1998,9,W,N,Y,N,N,11004,w_douglas@example.net,Conner Wisoky,Great Uncle,(163)975-9591 x77141,conner_wisoky@example.net,2douglasw58,ahFii2nae
02M801,106078143,106078143,635493723,Lakin,S,Joe,male,07/04/1997,10,B,N,Y,F,N,10473,l.joe@example.net,Aminur Lakin,Stepfather,1-857-290-7906 x39366,lakin.aminur@example.com,2joel42,CaaDie0eboo
02M801,913113921,913113921,975729844,Greenholt,T,Martha,female,04/02/1998,9,A,N,N,F,Y,11694,g_martha@example.org,Austin Greenholt,Brother,839.543.4396 x372,greenholt_austin@example.org,2marthag20,iiban1oB6
