School_id,Teacher_id,Teacher_number,State_teacher_id,Last_name,Middle_name,First_name,Teacher_email,Title,Username,Password
02M800,76,219349,670114396,Gadsby,X,Roger,gadsby.roger@example.com,High School Music Teacher,roger_gadsby,lkjgf8hasdofjh
02M800,90,857472,507456369,Cummings,P,Jacklyn,jacklyn_cummings@example.org,Assistant Principal,cummings_jacklyn,fido
02M800,910,712084,966766837,Nagle,E,Morgan,nagle_morgan@example.com,Assistant Principal,morgan.nagle,48urjnslvdjbn0
02M801,77,219350,670114397,Gadsby,X,Roger,gadsby.roger2@example.com,High School Music Teacher,2roger_gadsby,lkjgf8hasdofjh
02M801,91,857473,507456370,Cummings,P,Jacklyn,jacklyn_cummings2@example.org,Assistant Principal,2cummings_jacklyn,fido
02M801,911,712085,966766838,Nagle,E,Morgan,nagle_morgan2@example.com,Assistant Principal,2morgan.nagle,48urjnslvdjbn0